{"cameraMode":{"drawMode":0,"name":"Shaded","section":"Shading Mode"},"sceneLighting":true,"audioPlay":false,"sceneViewState":{"m_AlwaysRefresh":false,"showFog":true,"showSkybox":true,"showFlares":true,"showImageEffects":true,"showParticleSystems":true,"showVisualEffectGraphs":true,"m_FxEnabled":true},"in2DMode":false,"pivot":{"x":10.022627830505371,"y":6.713323593139648,"z":10.471466064453125},"rotation":{"x":0.03038259781897068,"y":-0.9679766893386841,"z":0.2026733160018921,"w":0.1451045125722885},"size":11.247617721557618,"orthographic":false}